{"CollectionList":[{"UniqueID":408.607064545155,"Name":"startP1","Time":25,"_Emergent":true,"EventCapsuleCounter":1,"BasketCounter":0,"WaterIsPumping":false,"Player_Positions":["(39.2, 1.3, 57.5)","(34.2, 0.9, 76.1)","(-18.3, 0.1, 86.4)","(-23.8, 1.0, 84.6)","(-29.4, 1.4, 83.7)","(-32.7, 1.1, 83.7)","(-36.0, 1.7, 83.7)","(-35.6, 2.3, 83.7)","(-37.7, 2.3, 83.6)","(-38.4, 4.2, 82.2)","(-38.6, 3.7, 80.1)","(-37.7, 5.2, 78.5)","(-34.0, 4.6, 74.2)","(-32.3, 4.5, 72.0)","(-32.3, 4.5, 72.0)","(-33.0, 4.5, 71.1)","(-35.0, 6.1, 70.7)","(-36.8, 7.6, 69.9)","(-38.2, 7.8, 70.1)","(-39.3, 7.8, 70.1)","(-41.3, 7.0, 70.3)","(-42.1, 8.5, 70.4)","(-42.1, 7.3, 70.4)","(-42.9, 10.1, 70.5)","(-44.8, 8.9, 70.6)","(-45.3, 10.5, 70.7)","(30.9, 1.6, 79.4)","(30.3, 0.7, 78.4)","(25.7, 0.5, 75.1)","(20.1, 0.5, 74.9)","(14.5, 1.8, 76.2)","(8.7, 1.0, 76.6)","(3.0, 0.5, 77.1)","(-2.7, 1.3, 76.8)","(-8.4, 0.5, 76.3)","(-10.6, 0.5, 76.2)","(-9.3, 0.5, 74.6)","(-8.1, 0.5, 72.9)","(-7.0, 0.5, 71.1)","(-6.3, 0.5, 69.2)","(-6.3, 1.6, 68.9)","(-6.1, 1.4, 68.5)","(-7.0, 3.7, 65.9)","(-8.2, 3.2, 66.8)","(-7.8, 0.5, 68.8)","(-7.1, 0.5, 70.8)","(-6.5, 0.5, 72.8)","(-5.8, 0.5, 74.8)","(-4.8, 0.5, 76.6)","(-3.8, 0.5, 78.4)","(-2.7, 0.5, 80.3)","(-1.7, 0.5, 82.1)","(-0.7, 0.5, 83.9)","(0.4, 0.3, 85.7)","(1.4, 0.1, 87.5)","(2.4, 0.3, 89.3)","(3.3, 0.5, 91.2)","(4.2, 0.5, 93.0)","(40.3, 0.6, 63.1)","(41.1, 0.4, 68.8)","(41.6, 0.3, 72.3)","(41.6, 0.3, 72.3)","(41.7, 0.3, 72.5)","(41.8, 0.3, 73.0)","(42.8, 0.5, 78.6)","(41.7, 1.9, 81.7)","(42.3, 3.1, 81.2)","(43.6, 0.5, 85.4)","(47.7, 0.5, 86.4)","(47.8, 1.1, 86.3)","(47.2, 2.2, 85.2)","(47.2, 2.8, 84.9)","(47.5, 2.2, 85.2)","(47.4, 4.4, 84.7)","(47.1, 3.8, 83.2)","(46.9, 4.6, 81.8)","(49.1, 4.4, 81.4)","(49.6, 4.2, 81.3)","(52.9, 6.0, 79.5)","(52.4, 5.9, 74.8)","(52.2, 6.9, 74.6)","(49.0, 6.4, 74.1)"]},{"UniqueID":408.607064545155,"Name":"startP2","Time":33,"_Emergent":true,"EventCapsuleCounter":0,"BasketCounter":0,"WaterIsPumping":false,"Player_Positions":["(39.2, 1.3, 57.5)","(34.2, 0.9, 76.1)","(-18.3, 0.1, 86.4)","(-23.8, 1.0, 84.6)","(-29.4, 1.4, 83.7)","(-32.7, 1.1, 83.7)","(-36.0, 1.7, 83.7)","(-35.6, 2.3, 83.7)","(-37.7, 2.3, 83.6)","(-38.4, 4.2, 82.2)","(-38.6, 3.7, 80.1)","(-37.7, 5.2, 78.5)","(-34.0, 4.6, 74.2)","(-32.3, 4.5, 72.0)","(-32.3, 4.5, 72.0)","(-33.0, 4.5, 71.1)","(-35.0, 6.1, 70.7)","(-36.8, 7.6, 69.9)","(-38.2, 7.8, 70.1)","(-39.3, 7.8, 70.1)","(-41.3, 7.0, 70.3)","(-42.1, 8.5, 70.4)","(-42.1, 7.3, 70.4)","(-42.9, 10.1, 70.5)","(-44.8, 8.9, 70.6)","(-45.3, 10.5, 70.7)","(30.9, 1.6, 79.4)","(30.3, 0.7, 78.4)","(25.7, 0.5, 75.1)","(20.1, 0.5, 74.9)","(14.5, 1.8, 76.2)","(8.7, 1.0, 76.6)","(3.0, 0.5, 77.1)","(-2.7, 1.3, 76.8)","(-8.4, 0.5, 76.3)","(-10.6, 0.5, 76.2)","(-9.3, 0.5, 74.6)","(-8.1, 0.5, 72.9)","(-7.0, 0.5, 71.1)","(-6.3, 0.5, 69.2)","(-6.3, 1.6, 68.9)","(-6.1, 1.4, 68.5)","(-7.0, 3.7, 65.9)","(-8.2, 3.2, 66.8)","(-7.8, 0.5, 68.8)","(-7.1, 0.5, 70.8)","(-6.5, 0.5, 72.8)","(-5.8, 0.5, 74.8)","(-4.8, 0.5, 76.6)","(-3.8, 0.5, 78.4)","(-2.7, 0.5, 80.3)","(-1.7, 0.5, 82.1)","(-0.7, 0.5, 83.9)","(0.4, 0.3, 85.7)","(1.4, 0.1, 87.5)","(2.4, 0.3, 89.3)","(3.3, 0.5, 91.2)","(4.2, 0.5, 93.0)","(40.3, 0.6, 63.1)","(41.1, 0.4, 68.8)","(41.6, 0.3, 72.3)","(41.6, 0.3, 72.3)","(41.7, 0.3, 72.5)","(41.8, 0.3, 73.0)","(42.8, 0.5, 78.6)","(41.7, 1.9, 81.7)","(42.3, 3.1, 81.2)","(43.6, 0.5, 85.4)","(47.7, 0.5, 86.4)","(47.8, 1.1, 86.3)","(47.2, 2.2, 85.2)","(47.2, 2.8, 84.9)","(47.5, 2.2, 85.2)","(47.4, 4.4, 84.7)","(47.1, 3.8, 83.2)","(46.9, 4.6, 81.8)","(49.1, 4.4, 81.4)","(49.6, 4.2, 81.3)","(52.9, 6.0, 79.5)","(52.4, 5.9, 74.8)","(52.2, 6.9, 74.6)","(49.0, 6.4, 74.1)"]},{"UniqueID":408.607064545155,"Name":"startP3","Time":24,"_Emergent":true,"EventCapsuleCounter":0,"BasketCounter":0,"WaterIsPumping":false,"Player_Positions":["(39.2, 1.3, 57.5)","(34.2, 0.9, 76.1)","(-18.3, 0.1, 86.4)","(-23.8, 1.0, 84.6)","(-29.4, 1.4, 83.7)","(-32.7, 1.1, 83.7)","(-36.0, 1.7, 83.7)","(-35.6, 2.3, 83.7)","(-37.7, 2.3, 83.6)","(-38.4, 4.2, 82.2)","(-38.6, 3.7, 80.1)","(-37.7, 5.2, 78.5)","(-34.0, 4.6, 74.2)","(-32.3, 4.5, 72.0)","(-32.3, 4.5, 72.0)","(-33.0, 4.5, 71.1)","(-35.0, 6.1, 70.7)","(-36.8, 7.6, 69.9)","(-38.2, 7.8, 70.1)","(-39.3, 7.8, 70.1)","(-41.3, 7.0, 70.3)","(-42.1, 8.5, 70.4)","(-42.1, 7.3, 70.4)","(-42.9, 10.1, 70.5)","(-44.8, 8.9, 70.6)","(-45.3, 10.5, 70.7)","(30.9, 1.6, 79.4)","(30.3, 0.7, 78.4)","(25.7, 0.5, 75.1)","(20.1, 0.5, 74.9)","(14.5, 1.8, 76.2)","(8.7, 1.0, 76.6)","(3.0, 0.5, 77.1)","(-2.7, 1.3, 76.8)","(-8.4, 0.5, 76.3)","(-10.6, 0.5, 76.2)","(-9.3, 0.5, 74.6)","(-8.1, 0.5, 72.9)","(-7.0, 0.5, 71.1)","(-6.3, 0.5, 69.2)","(-6.3, 1.6, 68.9)","(-6.1, 1.4, 68.5)","(-7.0, 3.7, 65.9)","(-8.2, 3.2, 66.8)","(-7.8, 0.5, 68.8)","(-7.1, 0.5, 70.8)","(-6.5, 0.5, 72.8)","(-5.8, 0.5, 74.8)","(-4.8, 0.5, 76.6)","(-3.8, 0.5, 78.4)","(-2.7, 0.5, 80.3)","(-1.7, 0.5, 82.1)","(-0.7, 0.5, 83.9)","(0.4, 0.3, 85.7)","(1.4, 0.1, 87.5)","(2.4, 0.3, 89.3)","(3.3, 0.5, 91.2)","(4.2, 0.5, 93.0)","(40.3, 0.6, 63.1)","(41.1, 0.4, 68.8)","(41.6, 0.3, 72.3)","(41.6, 0.3, 72.3)","(41.7, 0.3, 72.5)","(41.8, 0.3, 73.0)","(42.8, 0.5, 78.6)","(41.7, 1.9, 81.7)","(42.3, 3.1, 81.2)","(43.6, 0.5, 85.4)","(47.7, 0.5, 86.4)","(47.8, 1.1, 86.3)","(47.2, 2.2, 85.2)","(47.2, 2.8, 84.9)","(47.5, 2.2, 85.2)","(47.4, 4.4, 84.7)","(47.1, 3.8, 83.2)","(46.9, 4.6, 81.8)","(49.1, 4.4, 81.4)","(49.6, 4.2, 81.3)","(52.9, 6.0, 79.5)","(52.4, 5.9, 74.8)","(52.2, 6.9, 74.6)","(49.0, 6.4, 74.1)"]},{"UniqueID":408.607064545155,"Name":"startP1","Time":21,"_Emergent":false,"EventCapsuleCounter":1,"BasketCounter":0,"WaterIsPumping":false,"Player_Positions":[]},{"UniqueID":408.607064545155,"Name":"startP2","Time":34,"_Emergent":false,"EventCapsuleCounter":0,"BasketCounter":0,"WaterIsPumping":false,"Player_Positions":[]},{"UniqueID":408.607064545155,"Name":"startP3","Time":23,"_Emergent":false,"EventCapsuleCounter":0,"BasketCounter":0,"WaterIsPumping":false,"Player_Positions":[]}]}