{"CollectionList":[{"UniqueID":876.912992835045,"Name":"startP1","Time":35,"_Emergent":true,"BasketCounter":0,"WaterIsPumping":false,"Player_Positions":["(41.6, 0.1, 57.5)","(38.7, 0.1, 61.4)","(37.5, 0.1, 64.5)","(38.5, 0.1, 70.2)","(39.4, 0.2, 75.9)","(40.6, 1.7, 81.4)","(41.9, 3.0, 84.3)","(42.6, 1.6, 84.3)","(45.5, 0.4, 87.3)","(46.1, 0.5, 86.1)","(46.3, 1.5, 85.8)","(47.2, 0.5, 86.5)","(47.3, 2.1, 85.5)","(47.4, 0.5, 86.3)","(47.3, 2.1, 86.1)","(47.2, 2.6, 84.9)","(47.0, 2.2, 84.7)","(47.0, 2.2, 85.2)","(47.0, 2.2, 85.2)","(47.1, 2.2, 85.2)","(47.0, 4.5, 84.5)","(46.9, 4.2, 83.1)","(46.9, 3.8, 81.7)","(47.9, 3.8, 81.0)","(49.3, 5.1, 81.0)","(49.7, 4.2, 81.0)","(49.8, 4.2, 81.0)","(50.1, 6.0, 81.0)","(52.8, 6.0, 79.3)","(52.6, 6.1, 75.3)","(52.6, 6.0, 75.1)","(52.1, 7.7, 75.1)","(48.3, 6.4, 74.5)","(48.2, 6.4, 74.5)","(47.6, 8.2, 74.1)"]},{"UniqueID":876.912992835045,"Name":"startP2","Time":36,"_Emergent":true,"BasketCounter":0,"WaterIsPumping":true,"Player_Positions":["(34.2, 0.4, 78.2)","(33.6, 0.5, 78.5)","(31.8, 2.8, 79.0)","(26.2, 0.5, 80.0)","(20.6, 0.5, 78.7)","(15.8, 0.5, 75.5)","(10.3, 0.3, 74.0)","(4.9, 1.5, 72.5)","(-0.8, 0.5, 73.1)","(-5.9, 0.5, 75.5)","(-9.8, 0.5, 76.8)","(-10.8, 0.5, 75.5)","(-9.9, 0.5, 73.6)","(-8.3, 0.5, 72.3)","(-6.9, 0.5, 70.8)","(-5.9, 0.5, 68.8)","(-5.7, 0.5, 68.5)","(-5.7, 1.6, 67.9)","(-5.8, 1.4, 67.9)","(-6.7, 3.5, 65.3)","(-7.9, 3.3, 65.8)","(-7.1, 2.4, 67.1)","(-6.1, 0.5, 68.8)","(-5.1, 0.5, 70.7)","(-4.1, 0.5, 72.5)","(-3.2, 0.5, 74.4)","(-2.2, 0.5, 76.2)","(-1.2, 0.5, 78.1)","(-0.2, 0.5, 79.9)","(0.8, 0.5, 81.7)","(1.8, 0.5, 83.6)","(2.9, 0.4, 85.4)","(3.3, 0.2, 87.4)","(3.1, 0.3, 89.4)","(3.4, 0.5, 91.4)","(3.6, 0.5, 93.5)"]},{"UniqueID":876.912992835045,"Name":"startP3","Time":31,"_Emergent":true,"BasketCounter":0,"WaterIsPumping":false,"Player_Positions":["(-18.4, 0.1, 83.7)","(-24.1, 0.1, 84.1)","(-29.8, 0.1, 84.4)","(-33.7, 1.2, 84.6)","(-34.0, 0.2, 84.2)","(-33.9, 1.4, 84.0)","(-35.3, 2.1, 83.9)","(-36.6, 2.2, 83.7)","(-38.0, 2.3, 83.4)","(-39.6, 4.7, 81.2)","(-39.0, 3.7, 79.8)","(-38.0, 5.5, 78.8)","(-34.7, 4.5, 74.6)","(-32.5, 4.5, 71.6)","(-33.4, 6.3, 69.8)","(-34.9, 5.4, 70.5)","(-37.0, 6.8, 70.2)","(-38.7, 8.0, 71.0)","(-39.7, 8.0, 69.3)","(-41.5, 7.0, 70.1)","(-42.1, 8.8, 70.1)","(-42.1, 7.3, 70.1)","(-42.2, 7.3, 70.1)","(-42.6, 9.5, 70.1)","(-44.0, 8.6, 70.5)","(-44.4, 10.3, 70.6)","(-44.8, 8.9, 70.6)","(-44.8, 8.9, 70.6)","(-44.8, 8.9, 70.6)","(-44.8, 8.9, 70.6)","(-44.8, 8.9, 70.6)"]},{"UniqueID":876.912992835045,"Name":"startP1","Time":27,"_Emergent":false,"BasketCounter":0,"WaterIsPumping":false,"Player_Positions":["(39.2, 0.1, 57.5)","(40.1, 0.2, 63.2)","(40.9, 0.4, 68.9)","(41.8, 0.3, 74.5)","(43.1, 1.8, 80.1)","(44.2, 0.5, 85.7)","(47.3, 0.3, 87.8)","(47.5, 0.5, 86.5)","(47.5, 0.5, 86.1)","(47.2, 2.6, 85.2)","(46.9, 3.5, 84.8)","(47.6, 2.2, 85.2)","(47.6, 4.0, 85.1)","(47.3, 4.0, 83.7)","(47.0, 5.2, 82.3)","(46.9, 3.8, 81.7)","(48.2, 3.8, 81.3)","(49.7, 4.8, 81.3)","(49.8, 4.2, 81.3)","(50.6, 6.2, 81.1)","(52.6, 6.1, 79.9)","(53.1, 7.4, 77.2)","(52.9, 6.0, 74.6)","(52.9, 6.1, 75.2)","(52.9, 7.0, 75.3)","(49.1, 6.4, 74.7)","(48.6, 7.9, 74.5)"]},{"UniqueID":876.912992835045,"Name":"startP2","Time":36,"_Emergent":false,"BasketCounter":0,"WaterIsPumping":true,"Player_Positions":["(34.2, 0.4, 77.2)","(33.3, 0.5, 77.4)","(32.2, 2.8, 77.8)","(27.1, 0.5, 79.6)","(21.4, 0.5, 79.1)","(15.9, 0.6, 77.6)","(10.6, 0.5, 75.3)","(5.5, 1.6, 72.8)","(-0.2, 0.5, 73.2)","(-5.6, 0.5, 74.9)","(-8.7, 0.5, 76.4)","(-10.1, 0.5, 76.7)","(-10.3, 0.5, 75.2)","(-9.5, 0.5, 73.2)","(-8.1, 0.5, 71.7)","(-6.8, 0.5, 70.1)","(-6.4, 0.5, 68.3)","(-6.4, 2.1, 68.1)","(-6.3, 1.4, 67.7)","(-6.3, 3.5, 67.4)","(-7.0, 3.3, 66.2)","(-8.1, 3.3, 66.4)","(-6.4, 0.5, 67.4)","(-4.9, 0.5, 68.7)","(-4.0, 0.5, 70.6)","(-3.2, 0.5, 72.6)","(-2.2, 0.5, 74.4)","(-1.1, 0.5, 76.2)","(-0.2, 0.5, 78.1)","(0.7, 0.5, 80.0)","(1.5, 0.5, 81.9)","(2.2, 0.5, 83.9)","(2.9, 0.3, 85.8)","(3.5, 0.1, 87.8)","(4.2, 0.4, 89.7)","(4.7, 0.5, 91.7)"]},{"UniqueID":876.912992835045,"Name":"startP3","Time":29,"_Emergent":false,"BasketCounter":0,"WaterIsPumping":false,"Player_Positions":["(-18.4, 0.1, 82.9)","(-23.9, 1.3, 81.5)","(-29.6, 0.1, 82.2)","(-34.0, 1.3, 83.3)","(-34.2, 0.8, 83.4)","(-33.7, 0.1, 83.2)","(-34.7, 2.3, 83.4)","(-37.2, 2.3, 83.6)","(-38.6, 3.8, 82.3)","(-38.6, 3.7, 79.7)","(-39.8, 3.7, 79.3)","(-37.9, 5.8, 75.5)","(-33.0, 5.7, 72.9)","(-32.5, 4.5, 71.5)","(-33.9, 6.3, 70.7)","(-35.6, 6.3, 69.9)","(-37.3, 6.5, 70.7)","(-39.0, 7.8, 70.8)","(-40.5, 8.5, 69.7)","(-42.0, 7.1, 70.4)","(-42.1, 8.8, 70.4)","(-42.2, 7.3, 70.5)","(-42.2, 7.3, 70.5)","(-43.5, 10.3, 70.5)","(-44.3, 9.4, 70.6)","(-45.2, 8.9, 70.6)","(-45.2, 8.9, 70.6)","(-45.2, 8.9, 70.6)","(-45.2, 8.9, 70.6)"]}]}