{"CollectionList":[{"UniqueID":807.910581946373,"Name":"startP1","Time":23,"_Emergent":true,"EventCapsuleCounter":0,"BasketCounter":0,"WaterIsPumping":false,"Player_Positions":["(47.1, 6.4, 74.5)","(46.6, 6.4, 74.1)","(51.3, 8.1, 74.8)","(52.7, 6.1, 75.0)","(53.1, 6.0, 76.2)","(50.9, 6.3, 80.8)","(49.7, 4.2, 81.2)","(49.4, 5.0, 81.2)","(48.1, 3.8, 81.2)","(46.8, 5.0, 81.6)","(47.1, 3.8, 83.1)","(47.5, 4.4, 84.4)","(47.6, 2.2, 85.3)","(47.2, 3.0, 84.8)","(47.0, 2.2, 85.1)","(47.3, 1.9, 86.4)","(47.3, 0.5, 86.5)","(44.3, 0.5, 85.5)","(43.1, 1.6, 80.0)","(42.6, 0.4, 74.3)","(40.8, 0.4, 68.8)","(40.0, 0.2, 63.2)","(39.0, 0.1, 57.5)","(4.4, 0.5, 93.6)","(3.5, 0.5, 91.7)","(3.2, 0.4, 89.6)","(2.7, 0.1, 87.6)","(2.1, 0.3, 85.7)","(1.4, 0.5, 83.7)","(0.7, 0.5, 81.8)","(-0.1, 0.5, 79.8)","(-0.8, 0.5, 77.9)","(-1.6, 0.5, 75.9)","(-2.4, 0.5, 74.0)","(-3.3, 0.5, 72.1)","(-4.1, 0.5, 70.2)","(-5.3, 0.5, 68.4)","(-7.0, 2.3, 67.4)","(-8.0, 3.3, 66.3)","(-7.4, 3.7, 65.9)","(-6.7, 1.4, 68.4)","(-6.6, 1.9, 68.4)","(-6.9, 0.5, 68.9)","(-6.9, 0.5, 68.9)","(-7.5, 0.5, 70.9)","(-8.4, 0.5, 72.7)","(-9.8, 0.5, 74.2)","(-10.4, 0.5, 76.1)","(-6.9, 0.5, 74.4)","(-1.7, 0.5, 72.1)","(4.0, 0.9, 72.7)","(9.7, 0.3, 73.0)","(15.4, 1.6, 73.2)","(21.2, 0.5, 73.1)","(26.9, 0.5, 72.7)","(32.2, 2.8, 74.0)","(34.0, 0.5, 74.2)","(34.2, 0.4, 74.2)","(-44.5, 9.9, 70.5)","(-43.6, 10.3, 70.5)","(-42.1, 7.3, 70.4)","(-42.1, 7.3, 70.4)","(-42.1, 7.3, 70.4)","(-41.9, 7.7, 70.3)","(-40.6, 8.5, 70.0)","(-39.4, 7.7, 70.4)","(-37.4, 6.3, 70.2)","(-35.5, 6.3, 69.7)","(-34.3, 6.5, 69.7)","(-32.6, 4.5, 70.5)","(-32.9, 4.5, 72.2)","(-34.0, 4.5, 74.1)","(-36.5, 6.2, 76.6)","(-38.4, 3.7, 79.8)","(-38.5, 4.7, 80.6)","(-38.0, 2.3, 83.4)","(-37.6, 2.6, 83.6)","(-35.6, 1.5, 83.7)","(-32.1, 0.4, 83.3)","(-29.5, 1.2, 82.7)","(-24.0, 0.7, 81.3)","(-18.3, 0.1, 81.4)"]},{"UniqueID":807.910581946373,"Name":"startP2","Time":35,"_Emergent":true,"EventCapsuleCounter":0,"BasketCounter":0,"WaterIsPumping":false,"Player_Positions":["(47.1, 6.4, 74.5)","(46.6, 6.4, 74.1)","(51.3, 8.1, 74.8)","(52.7, 6.1, 75.0)","(53.1, 6.0, 76.2)","(50.9, 6.3, 80.8)","(49.7, 4.2, 81.2)","(49.4, 5.0, 81.2)","(48.1, 3.8, 81.2)","(46.8, 5.0, 81.6)","(47.1, 3.8, 83.1)","(47.5, 4.4, 84.4)","(47.6, 2.2, 85.3)","(47.2, 3.0, 84.8)","(47.0, 2.2, 85.1)","(47.3, 1.9, 86.4)","(47.3, 0.5, 86.5)","(44.3, 0.5, 85.5)","(43.1, 1.6, 80.0)","(42.6, 0.4, 74.3)","(40.8, 0.4, 68.8)","(40.0, 0.2, 63.2)","(39.0, 0.1, 57.5)","(4.4, 0.5, 93.6)","(3.5, 0.5, 91.7)","(3.2, 0.4, 89.6)","(2.7, 0.1, 87.6)","(2.1, 0.3, 85.7)","(1.4, 0.5, 83.7)","(0.7, 0.5, 81.8)","(-0.1, 0.5, 79.8)","(-0.8, 0.5, 77.9)","(-1.6, 0.5, 75.9)","(-2.4, 0.5, 74.0)","(-3.3, 0.5, 72.1)","(-4.1, 0.5, 70.2)","(-5.3, 0.5, 68.4)","(-7.0, 2.3, 67.4)","(-8.0, 3.3, 66.3)","(-7.4, 3.7, 65.9)","(-6.7, 1.4, 68.4)","(-6.6, 1.9, 68.4)","(-6.9, 0.5, 68.9)","(-6.9, 0.5, 68.9)","(-7.5, 0.5, 70.9)","(-8.4, 0.5, 72.7)","(-9.8, 0.5, 74.2)","(-10.4, 0.5, 76.1)","(-6.9, 0.5, 74.4)","(-1.7, 0.5, 72.1)","(4.0, 0.9, 72.7)","(9.7, 0.3, 73.0)","(15.4, 1.6, 73.2)","(21.2, 0.5, 73.1)","(26.9, 0.5, 72.7)","(32.2, 2.8, 74.0)","(34.0, 0.5, 74.2)","(34.2, 0.4, 74.2)","(-44.5, 9.9, 70.5)","(-43.6, 10.3, 70.5)","(-42.1, 7.3, 70.4)","(-42.1, 7.3, 70.4)","(-42.1, 7.3, 70.4)","(-41.9, 7.7, 70.3)","(-40.6, 8.5, 70.0)","(-39.4, 7.7, 70.4)","(-37.4, 6.3, 70.2)","(-35.5, 6.3, 69.7)","(-34.3, 6.5, 69.7)","(-32.6, 4.5, 70.5)","(-32.9, 4.5, 72.2)","(-34.0, 4.5, 74.1)","(-36.5, 6.2, 76.6)","(-38.4, 3.7, 79.8)","(-38.5, 4.7, 80.6)","(-38.0, 2.3, 83.4)","(-37.6, 2.6, 83.6)","(-35.6, 1.5, 83.7)","(-32.1, 0.4, 83.3)","(-29.5, 1.2, 82.7)","(-24.0, 0.7, 81.3)","(-18.3, 0.1, 81.4)"]},{"UniqueID":807.910581946373,"Name":"startP3","Time":24,"_Emergent":true,"EventCapsuleCounter":0,"BasketCounter":0,"WaterIsPumping":false,"Player_Positions":["(47.1, 6.4, 74.5)","(46.6, 6.4, 74.1)","(51.3, 8.1, 74.8)","(52.7, 6.1, 75.0)","(53.1, 6.0, 76.2)","(50.9, 6.3, 80.8)","(49.7, 4.2, 81.2)","(49.4, 5.0, 81.2)","(48.1, 3.8, 81.2)","(46.8, 5.0, 81.6)","(47.1, 3.8, 83.1)","(47.5, 4.4, 84.4)","(47.6, 2.2, 85.3)","(47.2, 3.0, 84.8)","(47.0, 2.2, 85.1)","(47.3, 1.9, 86.4)","(47.3, 0.5, 86.5)","(44.3, 0.5, 85.5)","(43.1, 1.6, 80.0)","(42.6, 0.4, 74.3)","(40.8, 0.4, 68.8)","(40.0, 0.2, 63.2)","(39.0, 0.1, 57.5)","(4.4, 0.5, 93.6)","(3.5, 0.5, 91.7)","(3.2, 0.4, 89.6)","(2.7, 0.1, 87.6)","(2.1, 0.3, 85.7)","(1.4, 0.5, 83.7)","(0.7, 0.5, 81.8)","(-0.1, 0.5, 79.8)","(-0.8, 0.5, 77.9)","(-1.6, 0.5, 75.9)","(-2.4, 0.5, 74.0)","(-3.3, 0.5, 72.1)","(-4.1, 0.5, 70.2)","(-5.3, 0.5, 68.4)","(-7.0, 2.3, 67.4)","(-8.0, 3.3, 66.3)","(-7.4, 3.7, 65.9)","(-6.7, 1.4, 68.4)","(-6.6, 1.9, 68.4)","(-6.9, 0.5, 68.9)","(-6.9, 0.5, 68.9)","(-7.5, 0.5, 70.9)","(-8.4, 0.5, 72.7)","(-9.8, 0.5, 74.2)","(-10.4, 0.5, 76.1)","(-6.9, 0.5, 74.4)","(-1.7, 0.5, 72.1)","(4.0, 0.9, 72.7)","(9.7, 0.3, 73.0)","(15.4, 1.6, 73.2)","(21.2, 0.5, 73.1)","(26.9, 0.5, 72.7)","(32.2, 2.8, 74.0)","(34.0, 0.5, 74.2)","(34.2, 0.4, 74.2)","(-44.5, 9.9, 70.5)","(-43.6, 10.3, 70.5)","(-42.1, 7.3, 70.4)","(-42.1, 7.3, 70.4)","(-42.1, 7.3, 70.4)","(-41.9, 7.7, 70.3)","(-40.6, 8.5, 70.0)","(-39.4, 7.7, 70.4)","(-37.4, 6.3, 70.2)","(-35.5, 6.3, 69.7)","(-34.3, 6.5, 69.7)","(-32.6, 4.5, 70.5)","(-32.9, 4.5, 72.2)","(-34.0, 4.5, 74.1)","(-36.5, 6.2, 76.6)","(-38.4, 3.7, 79.8)","(-38.5, 4.7, 80.6)","(-38.0, 2.3, 83.4)","(-37.6, 2.6, 83.6)","(-35.6, 1.5, 83.7)","(-32.1, 0.4, 83.3)","(-29.5, 1.2, 82.7)","(-24.0, 0.7, 81.3)","(-18.3, 0.1, 81.4)"]},{"UniqueID":807.910581946373,"Name":"startP1","Time":25,"_Emergent":false,"EventCapsuleCounter":0,"BasketCounter":0,"WaterIsPumping":false,"Player_Positions":[]},{"UniqueID":807.910581946373,"Name":"startP2","Time":35,"_Emergent":false,"EventCapsuleCounter":0,"BasketCounter":0,"WaterIsPumping":false,"Player_Positions":[]},{"UniqueID":807.910581946373,"Name":"startP3","Time":40,"_Emergent":false,"EventCapsuleCounter":0,"BasketCounter":0,"WaterIsPumping":false,"Player_Positions":[]}]}