{"CollectionList":[{"UniqueID":471.620689332485,"Name":"startP3","Time":21,"_Emergent":true,"EventCapsuleCounter":0,"BasketCounter":0,"WaterIsPumping":false,"Player_Positions":["(-18.4, 0.1, 73.6)","(-23.2, 0.1, 76.7)","(-27.7, 0.1, 80.3)","(-32.9, 1.0, 82.8)","(-36.4, 2.5, 83.7)","(-37.7, 2.3, 83.2)","(-38.4, 3.9, 80.5)","(-37.9, 4.1, 79.1)","(-34.3, 5.5, 75.2)","(-33.7, 4.5, 74.3)","(-32.8, 4.5, 73.2)","(-32.6, 4.5, 71.8)","(-33.8, 6.0, 70.8)","(-35.2, 6.2, 69.6)","(-37.0, 6.1, 69.9)","(-39.0, 7.5, 70.4)","(-41.1, 8.2, 70.4)","(-41.5, 7.0, 70.4)","(-42.4, 9.9, 70.5)","(-43.8, 8.5, 70.6)","(-45.1, 10.0, 70.6)"]},{"UniqueID":471.620689332485,"Name":"startP2","Time":65,"_Emergent":true,"EventCapsuleCounter":0,"BasketCounter":0,"WaterIsPumping":false,"Player_Positions":["(34.2, 1.1, 70.9)","(29.9, 1.4, 71.9)","(24.5, 0.5, 73.9)","(19.2, 0.5, 76.1)","(14.4, 1.7, 76.9)","(9.5, 0.3, 78.4)","(5.0, 0.9, 77.1)","(0.1, 0.5, 76.9)","(-5.4, 0.5, 75.9)","(-10.1, 0.5, 72.6)","(-12.6, 2.0, 72.1)","(-13.3, 2.3, 72.1)","(-16.2, 1.2, 69.6)","(-15.3, 0.1, 69.9)","(-16.1, 0.1, 70.0)","(-15.2, 1.1, 70.9)","(-10.8, 1.4, 70.3)","(-6.6, 0.9, 71.7)","(-5.4, 0.5, 71.7)","(-5.1, 1.6, 71.9)","(-3.4, 0.5, 76.8)","(-0.8, 0.5, 82.0)","(1.6, 0.2, 87.3)","(4.3, 0.5, 92.4)","(7.2, 1.5, 97.2)","(9.1, 0.3, 102.4)","(10.3, 0.4, 102.6)","(11.4, 0.3, 102.7)","(10.2, 0.3, 102.6)","(8.7, 1.7, 99.3)","(7.4, 0.4, 93.7)","(4.6, 0.6, 88.8)","(1.3, 0.5, 84.1)","(-2.8, 0.5, 80.1)","(-7.7, 0.5, 77.2)","(-10.3, 0.5, 76.4)","(-10.3, 0.5, 74.4)","(-9.9, 0.5, 72.3)","(-9.5, 0.5, 70.3)","(-9.2, 0.5, 69.3)","(-9.0, 1.6, 68.8)","(-9.0, 2.1, 68.7)","(-8.6, 3.3, 66.4)","(-8.1, 2.3, 67.6)","(-7.5, 0.5, 69.6)","(-6.7, 0.5, 71.6)","(-5.6, 0.5, 73.3)","(-4.4, 0.5, 75.0)","(-3.2, 0.5, 76.8)","(-2.0, 0.5, 78.5)","(-0.9, 0.5, 80.3)","(-0.2, 0.5, 82.2)","(0.3, 0.5, 84.3)","(0.0, 0.3, 86.3)","(-0.7, 0.1, 88.2)","(-1.2, 0.5, 90.2)","(-1.4, 0.4, 89.8)","(-1.6, 0.5, 90.1)","(-1.7, 0.5, 90.1)","(-1.7, 0.5, 90.1)","(-1.5, 0.5, 90.4)","(-0.6, 0.5, 90.7)","(1.1, 0.5, 91.8)","(3.1, 0.5, 92.2)","(4.7, 0.5, 93.3)"]},{"UniqueID":471.620689332485,"Name":"startP1","Time":168,"_Emergent":true,"EventCapsuleCounter":1,"BasketCounter":0,"WaterIsPumping":false,"Player_Positions":["(39.8, 0.1, 57.6)","(38.8, 0.1, 57.9)","(41.2, 0.3, 62.7)","(41.5, 1.4, 67.6)","(36.3, 0.1, 69.8)","(34.3, 0.7, 70.8)","(35.6, 2.2, 81.7)","(36.2, 0.1, 81.7)","(36.1, 1.8, 81.7)","(36.1, 0.1, 81.7)","(36.6, 1.8, 81.7)","(36.8, 0.1, 80.3)","(38.0, 0.1, 79.0)","(38.5, 1.4, 77.6)","(38.9, 0.2, 76.9)","(38.9, 0.2, 76.9)","(38.9, 0.2, 76.9)","(38.9, 0.2, 76.9)","(39.1, 0.6, 76.0)","(40.2, 0.2, 71.3)","(42.6, 0.4, 67.4)","(43.2, 0.4, 66.9)","(44.1, 1.1, 66.8)","(43.7, 0.5, 68.7)","(41.8, 0.3, 73.0)","(42.2, 0.4, 74.4)","(42.0, 0.4, 75.4)","(41.0, 0.3, 74.1)","(40.3, 1.0, 72.9)","(43.0, 1.6, 71.5)","(43.9, 1.6, 71.7)","(43.9, 1.6, 71.7)","(43.9, 1.6, 71.7)","(43.9, 1.6, 71.7)","(43.9, 1.6, 71.7)","(43.9, 1.6, 71.7)","(43.9, 1.6, 71.7)","(43.9, 1.6, 71.7)","(43.9, 1.6, 71.7)","(43.8, 2.6, 72.0)","(44.1, 0.5, 75.3)","(43.3, 0.5, 75.8)","(42.2, 1.6, 75.5)","(42.6, 0.7, 75.1)","(43.6, 0.5, 74.3)","(42.5, 0.4, 75.0)","(41.4, 0.9, 75.3)","(42.5, 1.6, 74.8)","(43.6, 0.5, 75.8)","(43.6, 0.5, 75.9)","(43.6, 0.5, 75.8)","(43.3, 0.5, 74.9)","(43.3, 0.4, 74.5)","(43.0, 0.4, 73.0)","(42.4, 0.5, 71.7)","(43.1, 0.5, 70.5)","(44.5, 2.7, 70.2)","(45.0, 0.5, 70.2)","(45.0, 1.6, 69.9)","(45.0, 1.1, 70.0)","(44.9, 0.5, 72.7)","(43.8, 0.5, 75.1)","(43.6, 2.4, 78.3)","(43.6, 0.5, 78.4)","(43.6, 2.0, 80.6)","(43.2, 1.7, 81.3)","(42.3, 3.0, 81.2)","(42.4, 1.9, 81.2)","(42.5, 1.9, 81.0)","(42.4, 1.9, 81.4)","(41.8, 2.8, 81.0)","(41.7, 2.0, 80.7)","(41.5, 2.0, 80.6)","(41.1, 1.9, 80.2)","(41.4, 0.5, 79.2)","(40.1, 0.3, 84.5)","(40.9, 0.4, 84.3)","(40.8, 0.4, 81.7)","(41.7, 0.5, 82.1)","(41.2, 0.4, 82.4)","(41.0, 0.4, 82.6)","(40.5, 2.6, 81.2)","(39.3, 0.4, 80.1)","(40.2, 0.3, 80.5)","(44.3, 0.5, 83.2)","(46.2, 0.5, 86.3)","(46.4, 1.0, 85.7)","(45.0, 2.2, 85.2)","(44.3, 0.5, 82.7)","(42.7, 0.5, 80.9)","(42.5, 0.5, 81.6)","(42.5, 0.5, 81.6)","(42.2, 0.5, 81.3)","(42.2, 0.5, 81.3)","(42.2, 0.5, 81.2)","(42.1, 0.5, 81.2)","(42.1, 0.5, 81.2)","(42.1, 0.5, 81.2)","(42.1, 0.5, 81.2)","(42.8, 0.5, 81.7)","(43.3, 0.5, 81.9)","(43.3, 0.5, 81.9)","(43.3, 0.5, 81.9)","(42.9, 0.5, 82.3)","(43.5, 0.5, 85.8)","(44.1, 0.5, 86.3)","(49.0, 0.3, 87.5)","(47.9, 0.4, 87.0)","(46.7, 2.1, 85.2)","(46.7, 2.1, 85.0)","(47.0, 0.5, 86.1)","(47.0, 2.1, 86.0)","(47.1, 2.2, 84.9)","(47.2, 2.3, 84.9)","(47.2, 3.2, 85.3)","(47.1, 3.8, 83.0)","(46.7, 5.7, 81.6)","(47.2, 3.8, 82.0)","(49.1, 4.1, 81.7)","(49.6, 4.5, 81.5)","(49.8, 4.2, 81.5)","(50.4, 5.6, 81.4)","(51.3, 4.6, 81.4)","(51.0, 1.8, 81.7)","(51.7, 0.5, 82.0)","(53.1, 0.5, 81.9)","(54.1, 0.5, 82.0)","(53.8, 0.5, 82.3)","(53.7, 0.5, 82.4)","(53.1, 0.5, 83.8)","(51.8, 0.5, 84.3)","(49.8, 1.0, 85.0)","(49.4, 1.4, 85.1)","(49.5, 0.5, 85.7)","(48.9, 1.2, 85.4)","(48.7, 2.3, 85.2)","(47.8, 2.2, 85.0)","(47.8, 4.0, 85.2)","(48.6, 3.8, 82.5)","(49.4, 4.8, 82.0)","(50.0, 4.2, 81.6)","(52.8, 6.1, 79.5)","(52.8, 6.1, 75.3)","(52.7, 6.1, 75.2)","(53.1, 6.1, 75.3)","(52.9, 6.1, 75.2)","(51.6, 8.3, 74.7)","(50.3, 3.0, 74.2)","(50.2, 0.5, 74.3)","(50.5, 1.7, 77.4)","(51.4, 0.5, 79.6)","(51.7, 0.5, 80.8)","(51.8, 0.5, 82.3)","(51.0, 1.5, 84.2)","(49.9, 1.0, 84.9)","(47.7, 2.2, 84.8)","(47.6, 2.2, 85.2)","(47.7, 4.5, 84.3)","(48.6, 3.8, 83.1)","(49.7, 5.1, 82.2)","(49.8, 4.2, 81.7)","(52.5, 6.5, 80.0)","(53.1, 7.4, 76.5)","(53.1, 6.1, 75.5)","(53.2, 6.1, 75.3)","(51.1, 7.9, 74.7)","(49.1, 6.4, 74.2)","(49.0, 7.7, 74.2)"]},{"UniqueID":471.620689332485,"Name":"startP1","Time":21,"_Emergent":false,"EventCapsuleCounter":0,"BasketCounter":0,"WaterIsPumping":false,"Player_Positions":["(38.9, 0.1, 57.5)","(39.4, 0.1, 63.2)","(40.1, 0.3, 68.9)","(41.6, 0.3, 74.4)","(43.2, 1.8, 79.9)","(45.6, 2.9, 84.4)","(47.3, 2.2, 85.2)","(46.8, 3.0, 84.6)","(47.4, 2.2, 85.2)","(47.4, 3.6, 85.2)","(46.9, 3.8, 82.9)","(47.0, 4.7, 81.6)","(48.3, 3.8, 81.7)","(49.7, 4.2, 81.5)","(51.0, 5.8, 80.8)","(52.8, 6.0, 79.2)","(52.6, 6.1, 79.8)","(52.6, 6.1, 75.4)","(52.6, 6.0, 74.9)","(49.3, 7.5, 74.7)","(48.0, 7.4, 74.2)"]},{"UniqueID":471.620689332485,"Name":"startP2","Time":34,"_Emergent":false,"EventCapsuleCounter":0,"BasketCounter":0,"WaterIsPumping":false,"Player_Positions":["(34.2, 6.3, 86.7)","(28.4, 0.2, 87.2)","(22.9, 0.1, 87.4)","(17.3, 0.1, 87.6)","(12.9, 0.8, 87.2)","(7.6, 1.9, 87.2)","(3.4, 1.6, 87.2)","(-0.1, 0.5, 83.1)","(-4.1, 0.7, 79.3)","(-9.4, 1.6, 77.1)","(-10.3, 0.5, 75.7)","(-9.0, 0.5, 74.1)","(-8.6, 0.5, 72.2)","(-7.3, 0.5, 70.6)","(-6.9, 0.5, 68.8)","(-7.0, 1.7, 69.0)","(-6.9, 1.4, 68.3)","(-6.4, 3.4, 66.2)","(-7.9, 3.3, 66.0)","(-7.1, 1.2, 67.8)","(-7.0, 0.5, 69.3)","(-6.1, 0.5, 71.2)","(-5.3, 0.5, 73.1)","(-4.4, 0.5, 75.0)","(-3.5, 0.5, 77.0)","(-2.6, 0.5, 78.8)","(-1.7, 0.5, 80.7)","(-0.8, 0.5, 82.6)","(0.1, 0.5, 84.5)","(1.0, 0.3, 86.4)","(1.9, 0.1, 88.2)","(2.8, 0.5, 90.1)","(3.8, 0.5, 91.9)","(4.7, 0.5, 93.8)"]},{"UniqueID":471.620689332485,"Name":"startP3","Time":18,"_Emergent":false,"EventCapsuleCounter":0,"BasketCounter":0,"WaterIsPumping":false,"Player_Positions":["(-18.4, 0.1, 89.8)","(-23.8, 0.1, 87.8)","(-28.3, 0.1, 85.8)","(-33.8, 0.9, 84.1)","(-36.8, 2.6, 83.9)","(-38.3, 2.9, 82.9)","(-39.1, 3.7, 80.4)","(-38.2, 3.7, 79.3)","(-34.7, 5.9, 75.0)","(-32.5, 4.5, 70.9)","(-34.2, 6.4, 70.1)","(-36.2, 7.3, 70.5)","(-37.9, 7.6, 69.7)","(-39.8, 7.4, 70.6)","(-41.7, 7.0, 70.7)","(-41.7, 7.2, 70.7)","(-43.6, 9.8, 70.7)","(-44.7, 10.3, 70.7)"]}]}