{"CollectionList":[{"UniqueID":661.407200157642,"Name":"startP1","Time":30,"_Emergent":false,"EventCapsuleCounter":0,"BasketCounter":0,"WaterIsPumping":false,"Player_Positions":["(38.9, 0.1, 57.5)","(39.4, 0.1, 63.2)","(40.5, 0.3, 68.8)","(42.1, 0.3, 74.3)","(43.4, 1.8, 79.9)","(44.8, 2.8, 85.1)","(47.1, 3.3, 84.9)","(46.8, 2.2, 84.6)","(47.2, 2.2, 85.4)","(47.2, 4.0, 85.1)","(47.0, 3.9, 83.7)","(46.9, 5.5, 82.3)","(46.9, 3.8, 81.9)","(47.4, 4.6, 81.6)","(48.7, 4.4, 81.2)","(49.6, 4.2, 81.1)","(50.3, 5.6, 81.0)","(51.7, 5.4, 80.9)","(52.6, 6.0, 80.3)","(52.9, 5.9, 79.1)","(52.7, 6.1, 79.6)","(53.2, 5.7, 78.5)","(53.4, 6.1, 77.3)","(53.1, 6.0, 76.1)","(52.6, 6.0, 75.0)","(52.6, 6.0, 75.0)","(51.6, 7.7, 74.8)","(46.8, 6.4, 73.9)","(47.1, 7.7, 73.8)","(47.7, 6.4, 73.8)"]},{"UniqueID":661.407200157642,"Name":"startP2","Time":35,"_Emergent":false,"EventCapsuleCounter":0,"BasketCounter":0,"WaterIsPumping":false,"Player_Positions":["(34.2, 0.4, 77.2)","(31.3, 2.6, 78.4)","(25.7, 0.5, 79.2)","(20.0, 0.5, 78.4)","(14.5, 1.8, 77.0)","(8.7, 0.8, 77.5)","(3.0, 0.5, 77.4)","(-2.7, 1.3, 76.7)","(-8.4, 0.5, 76.2)","(-10.0, 0.5, 76.2)","(-11.7, 0.5, 75.7)","(-11.6, 0.5, 73.8)","(-10.6, 0.5, 71.9)","(-9.5, 0.5, 70.2)","(-7.8, 0.5, 68.9)","(-7.1, 0.8, 68.6)","(-6.6, 1.4, 68.4)","(-6.5, 3.0, 68.3)","(-7.0, 3.3, 66.1)","(-8.3, 3.2, 66.8)","(-8.1, 0.5, 68.9)","(-7.0, 0.5, 70.6)","(-5.5, 0.5, 72.1)","(-4.1, 0.5, 73.6)","(-2.6, 0.5, 75.1)","(-1.1, 0.5, 76.7)","(0.3, 0.5, 78.2)","(1.8, 0.5, 79.7)","(3.2, 0.5, 81.2)","(4.5, 0.5, 82.8)","(4.4, 0.4, 84.9)","(4.3, 0.2, 86.9)","(4.2, 0.2, 89.0)","(4.2, 0.5, 91.0)","(4.1, 0.5, 93.1)"]},{"UniqueID":661.407200157642,"Name":"startP3","Time":19,"_Emergent":false,"EventCapsuleCounter":0,"BasketCounter":0,"WaterIsPumping":false,"Player_Positions":["(-18.3, 0.1, 86.5)","(-24.0, 0.1, 86.0)","(-29.7, 0.1, 85.0)","(-34.8, 1.2, 84.0)","(-37.2, 2.3, 83.6)","(-39.5, 4.5, 81.2)","(-38.9, 3.7, 80.0)","(-37.6, 5.9, 77.8)","(-34.3, 4.5, 73.3)","(-31.8, 4.5, 72.3)","(-33.0, 4.8, 71.1)","(-34.8, 6.6, 70.2)","(-36.9, 7.7, 70.0)","(-38.9, 6.9, 70.0)","(-41.0, 7.3, 70.1)","(-41.5, 7.0, 70.1)","(-43.2, 10.1, 70.4)","(-44.2, 9.6, 70.5)","(-45.2, 8.9, 70.6)"]},{"UniqueID":661.407200157642,"Name":"startP1","Time":25,"_Emergent":true,"EventCapsuleCounter":0,"BasketCounter":0,"WaterIsPumping":false,"Player_Positions":["(37.1, 0.1, 57.5)","(37.6, 0.1, 63.2)","(38.2, 0.1, 68.9)","(39.4, 0.2, 74.5)","(40.4, 1.6, 80.1)","(43.9, 2.4, 84.6)","(46.9, 0.5, 86.1)","(47.0, 2.2, 85.8)","(46.7, 2.2, 84.7)","(46.8, 2.2, 84.9)","(46.8, 4.4, 84.4)","(47.0, 4.8, 82.3)","(46.9, 3.8, 81.9)","(48.1, 3.8, 81.5)","(49.5, 4.7, 81.1)","(49.8, 4.2, 81.1)","(52.6, 6.3, 80.4)","(52.7, 6.1, 79.7)","(52.7, 6.1, 79.7)","(52.6, 6.0, 75.3)","(52.5, 6.0, 75.1)","(52.5, 6.0, 75.1)","(52.6, 6.6, 75.0)","(48.3, 7.7, 74.1)","(48.0, 7.3, 74.1)"]},{"UniqueID":661.407200157642,"Name":"startP2","Time":34,"_Emergent":true,"EventCapsuleCounter":0,"BasketCounter":0,"WaterIsPumping":false,"Player_Positions":["(34.2, 0.4, 74.9)","(33.7, 0.5, 75.0)","(31.1, 2.6, 77.8)","(25.7, 0.5, 78.7)","(20.0, 0.5, 78.6)","(14.3, 1.8, 77.9)","(8.6, 0.3, 77.2)","(2.9, 1.2, 76.7)","(-2.9, 1.8, 76.1)","(-7.0, 0.5, 75.9)","(-9.6, 0.5, 76.3)","(-10.9, 0.5, 75.8)","(-10.9, 0.5, 73.7)","(-10.4, 0.5, 71.8)","(-8.8, 0.5, 70.4)","(-7.6, 0.5, 68.9)","(-7.6, 1.8, 68.8)","(-7.3, 1.4, 68.5)","(-7.1, 3.8, 66.7)","(-8.3, 3.3, 66.6)","(-8.2, 0.5, 68.6)","(-7.3, 0.5, 70.4)","(-6.2, 0.5, 72.2)","(-5.2, 0.5, 74.0)","(-4.1, 0.5, 75.9)","(-3.0, 0.5, 77.7)","(-2.0, 0.5, 79.5)","(-0.9, 0.5, 81.3)","(0.2, 0.5, 83.1)","(1.2, 0.4, 84.9)","(2.3, 0.2, 86.6)","(3.4, 0.1, 88.4)","(4.4, 0.5, 90.2)","(4.9, 0.5, 92.2)"]},{"UniqueID":661.407200157642,"Name":"startP3","Time":29,"_Emergent":true,"EventCapsuleCounter":0,"BasketCounter":0,"WaterIsPumping":false,"Player_Positions":["(-18.4, 0.8, 81.3)","(-23.8, 1.4, 83.2)","(-29.4, 0.1, 84.3)","(-35.1, 1.2, 84.0)","(-37.0, 2.2, 83.7)","(-38.7, 3.8, 82.4)","(-39.4, 3.7, 80.2)","(-40.8, 3.7, 80.4)","(-44.4, 6.1, 82.1)","(-44.5, 5.0, 82.5)","(-44.5, 6.2, 83.1)","(-44.5, 5.0, 83.1)","(-44.5, 5.0, 83.1)","(-44.5, 5.0, 83.1)","(-44.5, 5.0, 83.1)","(-44.2, 5.6, 77.8)","(-39.7, 4.5, 75.1)","(-34.4, 5.8, 73.0)","(-32.6, 4.5, 70.7)","(-33.4, 6.4, 69.4)","(-35.2, 5.6, 70.2)","(-36.6, 7.5, 70.4)","(-37.7, 7.5, 70.4)","(-39.8, 7.3, 70.4)","(-41.6, 7.0, 70.5)","(-41.9, 7.2, 70.5)","(-43.6, 9.9, 70.5)","(-44.3, 10.2, 70.6)","(-45.1, 8.9, 70.7)"]}]}