{"CollectionList":[{"UniqueID":401.931524395943,"Name":"startP1","Time":16,"_Emergent":true,"EventCapsuleCounter":0,"BasketCounter":0,"WaterIsPumping":false,"Player_Positions":["(39.2, 0.5, 57.5)","(40.2, 1.0, 63.2)","(41.2, 0.4, 68.8)","(42.2, 0.4, 74.5)","(43.6, 1.7, 80.0)","(45.4, 2.6, 85.1)","(46.8, 2.2, 84.8)","(47.5, 2.3, 84.8)","(47.5, 2.2, 85.0)","(47.4, 4.5, 83.4)","(46.7, 5.1, 81.5)","(48.9, 4.7, 81.2)","(49.8, 4.2, 81.1)","(52.9, 6.0, 79.1)","(52.7, 6.1, 75.0)","(52.6, 6.4, 74.9)"]},{"UniqueID":401.931524395943,"Name":"startP2","Time":41,"_Emergent":true,"EventCapsuleCounter":0,"BasketCounter":0,"WaterIsPumping":false,"Player_Positions":["(34.2, 1.7, 77.3)","(29.3, 1.3, 80.2)","(23.5, 0.5, 80.6)","(18.0, 0.5, 79.2)","(12.4, 1.2, 78.0)","(6.7, 1.3, 77.9)","(1.0, 2.1, 77.1)","(-4.7, 1.8, 76.6)","(-9.0, 0.5, 76.7)","(-10.2, 0.5, 76.1)","(-10.1, 0.5, 76.6)","(-9.3, 0.5, 77.1)","(-9.9, 0.5, 78.2)","(-10.1, 0.5, 77.8)","(-10.5, 0.5, 76.6)","(-11.0, 0.5, 76.3)","(-12.1, 0.5, 75.6)","(-12.6, 0.5, 74.2)","(-11.2, 0.5, 72.6)","(-10.3, 0.5, 70.8)","(-8.8, 0.5, 69.3)","(-8.4, 0.5, 68.8)","(-7.8, 1.4, 68.3)","(-7.7, 2.4, 68.2)","(-7.9, 3.3, 65.7)","(-8.0, 2.3, 67.6)","(-8.5, 0.5, 68.5)","(-8.0, 0.5, 70.4)","(-6.8, 0.5, 72.2)","(-5.7, 0.5, 73.9)","(-4.5, 0.5, 75.7)","(-3.4, 0.5, 77.5)","(-2.3, 0.5, 79.2)","(-1.2, 0.5, 81.0)","(0.0, 0.5, 82.8)","(1.1, 0.5, 84.5)","(2.2, 0.3, 86.3)","(3.3, 0.1, 88.0)","(4.2, 0.4, 89.9)","(4.7, 0.5, 91.9)","(4.9, 0.5, 93.9)"]},{"UniqueID":401.931524395943,"Name":"startP3","Time":18,"_Emergent":true,"EventCapsuleCounter":0,"BasketCounter":0,"WaterIsPumping":false,"Player_Positions":["(-18.4, 0.1, 87.1)","(-24.0, 0.5, 85.7)","(-29.5, 0.1, 84.3)","(-35.1, 1.3, 83.6)","(-36.9, 2.3, 83.4)","(-39.1, 4.1, 81.7)","(-39.0, 3.7, 80.0)","(-37.3, 5.7, 77.9)","(-33.6, 4.5, 73.4)","(-32.6, 4.5, 70.5)","(-34.5, 6.0, 69.6)","(-36.4, 7.0, 69.1)","(-38.5, 7.9, 69.2)","(-40.6, 8.3, 69.7)","(-41.9, 7.1, 69.9)","(-41.9, 9.2, 69.9)","(-43.8, 8.5, 70.2)","(-45.1, 10.2, 70.4)"]},{"UniqueID":401.931524395943,"Name":"startP1","Time":19,"_Emergent":false,"EventCapsuleCounter":0,"BasketCounter":0,"WaterIsPumping":false,"Player_Positions":["(36.9, 0.1, 57.5)","(37.1, 0.1, 63.3)","(38.4, 0.1, 68.8)","(39.3, 0.2, 74.5)","(40.3, 1.6, 80.2)","(43.8, 2.2, 84.3)","(46.5, 0.3, 87.5)","(47.4, 0.5, 86.5)","(47.3, 2.4, 84.8)","(47.1, 3.3, 84.9)","(47.2, 2.2, 85.1)","(46.7, 4.6, 83.6)","(47.0, 5.0, 82.2)","(48.7, 3.8, 81.0)","(49.9, 4.5, 80.8)","(51.7, 5.9, 80.4)","(53.0, 6.0, 76.7)","(52.6, 6.0, 74.9)","(48.8, 8.1, 74.1)"]},{"UniqueID":401.931524395943,"Name":"startP2","Time":35,"_Emergent":false,"EventCapsuleCounter":0,"BasketCounter":0,"WaterIsPumping":false,"Player_Positions":["(34.2, 0.4, 76.5)","(32.5, 2.9, 78.6)","(27.2, 0.8, 80.2)","(21.5, 1.1, 79.1)","(15.9, 1.8, 77.9)","(10.2, 0.3, 77.0)","(4.5, 1.1, 76.6)","(-1.2, 1.8, 76.1)","(-7.0, 1.5, 76.1)","(-9.7, 0.5, 76.1)","(-10.3, 0.5, 75.9)","(-10.3, 0.5, 75.9)","(-11.1, 0.5, 76.0)","(-11.6, 0.5, 74.5)","(-10.9, 0.5, 72.5)","(-9.8, 0.5, 70.7)","(-8.3, 0.5, 69.3)","(-7.9, 2.0, 69.0)","(-7.5, 1.4, 68.8)","(-7.3, 3.1, 68.5)","(-7.9, 3.3, 66.2)","(-7.1, 0.5, 68.0)","(-5.8, 0.5, 69.6)","(-4.4, 0.5, 71.2)","(-3.1, 0.5, 72.9)","(-2.1, 0.5, 74.7)","(-1.3, 0.5, 76.6)","(-0.5, 0.5, 78.6)","(0.2, 0.5, 80.5)","(0.6, 0.5, 82.6)","(1.3, 0.5, 84.6)","(2.0, 0.3, 86.5)","(2.7, 0.1, 88.4)","(3.4, 0.5, 90.3)","(4.1, 0.5, 92.3)"]},{"UniqueID":401.931524395943,"Name":"startP3","Time":19,"_Emergent":false,"EventCapsuleCounter":0,"BasketCounter":0,"WaterIsPumping":false,"Player_Positions":["(-18.4, 0.1, 89.5)","(-23.4, 1.4, 86.9)","(-28.5, 1.3, 84.3)","(-34.1, 1.1, 84.0)","(-36.9, 2.5, 83.4)","(-38.8, 3.7, 82.4)","(-38.8, 3.7, 80.2)","(-37.4, 5.4, 78.3)","(-34.2, 4.6, 73.5)","(-32.8, 4.5, 72.0)","(-32.9, 5.1, 70.8)","(-35.0, 5.4, 70.8)","(-37.1, 6.3, 70.9)","(-39.1, 7.8, 71.0)","(-41.2, 8.4, 71.1)","(-41.8, 7.1, 71.1)","(-42.8, 9.9, 71.1)","(-43.9, 8.9, 71.2)","(-45.1, 9.2, 70.9)"]}]}